{
    "resources": [
        {
            "name": "view/frags/BarCodeEquip.fragment.xml"
        },
        {
            "name": "manifest.json"
        },
        {
            "name": "model/models.js"
        },
        {
            "name": "model/formatter.js"
        },
        {
            "name": "controller/NotFound.controller.js"
        },
        {
            "name": "controller/ErrorHandler.js"
        },
        {
            "name": "controller/CreateNotification.controller.js"
        },
        {
            "name": "controller/BaseController.js"
        },
        {
            "name": "controller/App.controller.js"
        },
        {
            "name": "Component.js"
        },
        {
            "name": "manifest-bundle.zip"
        },
        {
            "name": "Component-preload.js",
            "merged": true
        },
        {
            "name": "controller/ErrorHandler-dbg.js",
            "isDebug": true
        },
        {
            "name": "model/formatter-dbg.js",
            "isDebug": true
        },
        {
            "name": "controller/NotFound-dbg.controller.js",
            "isDebug": true
        },
        {
            "name": "model/models-dbg.js",
            "isDebug": true
        },
        {
            "name": "controller/CreateNotification-dbg.controller.js",
            "isDebug": true
        },
        {
            "name": "controller/BaseController-dbg.js",
            "isDebug": true
        },
        {
            "name": "controller/App-dbg.controller.js",
            "isDebug": true
        },
        {
            "name": "Component-dbg.js",
            "isDebug": true
        },
        {
            "name": "../../../../sap-ui-version.json"
        },
        {
            "name": "view/frags/FuncLocVHDialog.fragment.xml"
        },
        {
            "name": "view/frags/FuncLocHierNavPopover.fragment.xml"
        },
        {
            "name": "view/frags/EquipmentVHDialog.fragment.xml"
        },
        {
            "name": "view/frags/CodeVHDialog.fragment.xml"
        },
        {
            "name": "view/frags/BarCodeFuncLoc.fragment.xml"
        },
        {
            "name": "i18n/i18n.properties",
            "raw": "i18n/i18n.properties"
        },
        {
            "name": "view/NotFound.view.xml"
        },
        {
            "name": "view/CreateNotification.view.xml"
        },
        {
            "name": "view/App.view.xml"
        },
        {
            "name": "annotations/notif_annotation.xml"
        }
    ]
}