{
  "view/NotFound.view.xml": 1617824389037,
  "manifest.json": 1617973375753,
  "model/models.js": 1617824388885,
  "model/formatter.js": 1617824388881,
  "controller/NotFound.controller.js": 1617824388841,
  "controller/ErrorHandler.js": 1617824388837,
  "controller/CreateNotification.controller.js": 1617973091114,
  "controller/BaseController.js": 1617824388817,
  "controller/App.controller.js": 1617824388817,
  "Component.js": 1617824519503,
  "manifest-bundle.zip": 1617973374999,
  "Component-preload.js": 1617973375619,
  "controller/ErrorHandler-dbg.js": 1617824388837,
  "model/formatter-dbg.js": 1617824388881,
  "controller/NotFound-dbg.controller.js": 1617824388841,
  "model/models-dbg.js": 1617824388885,
  "controller/CreateNotification-dbg.controller.js": 1617973091114,
  "controller/BaseController-dbg.js": 1617824388817,
  "controller/App-dbg.controller.js": 1617824388817,
  "Component-dbg.js": 1617824519503,
  "resources.json": 1617973375756,
  "view/frags/FuncLocVHDialog.fragment.xml": 1617824389033,
  "view/frags/FuncLocHierNavPopover.fragment.xml": 1617973228659,
  "view/frags/EquipmentVHDialog.fragment.xml": 1617824389033,
  "view/frags/CodeVHDialog.fragment.xml": 1617824389033,
  "view/frags/BarCodeFuncLoc.fragment.xml": 1617824389029,
  "view/frags/BarCodeEquip.fragment.xml": 1617824389021,
  "i18n/i18n.properties": 1617824388845,
  "view/CreateNotification.view.xml": 1617973309396,
  "view/App.view.xml": 1617824388929,
  "annotations/notif_annotation.xml": 1617824388813,
  "test.html": 1617794835773
}